Symbol,Date,Close
DIS,1/4/2016 16:00,102.98
DIS,1/5/2016 16:00,100.9
DIS,1/6/2016 16:00,100.36
DIS,1/7/2016 16:00,99.5
DIS,1/8/2016 16:00,99.25
DIS,1/11/2016 16:00,99.92
DIS,1/12/2016 16:00,101.46
DIS,1/13/2016 16:00,98.48
DIS,1/14/2016 16:00,99.11
DIS,1/15/2016 16:00,93.9
DIS,1/19/2016 16:00,93.97
DIS,1/20/2016 16:00,92.54
DIS,1/21/2016 16:00,94.02
DIS,1/22/2016 16:00,96.9
DIS,1/25/2016 16:00,95.29
DIS,1/26/2016 16:00,96.27
DIS,1/27/2016 16:00,94.32
DIS,1/28/2016 16:00,93.53
DIS,1/29/2016 16:00,95.82
DIS,2/1/2016 16:00,95.15
DIS,2/2/2016 16:00,93.12
DIS,2/3/2016 16:00,95.14
DIS,2/4/2016 16:00,95.43
DIS,2/5/2016 16:00,93.9
DIS,2/8/2016 16:00,92.12
DIS,2/9/2016 16:00,92.32
DIS,2/10/2016 16:00,88.85
DIS,2/11/2016 16:00,90.31
DIS,2/12/2016 16:00,91.15
DIS,2/16/2016 16:00,92.91
DIS,2/17/2016 16:00,95.5
DIS,2/18/2016 16:00,95.17
DIS,2/19/2016 16:00,95.01
DIS,2/22/2016 16:00,96.37
DIS,2/23/2016 16:00,95.38
DIS,2/24/2016 16:00,95.43
DIS,2/25/2016 16:00,95.65
DIS,2/26/2016 16:00,95.31
DIS,2/29/2016 16:00,95.52
DIS,3/1/2016 16:00,97.65
DIS,3/2/2016 16:00,97
DIS,3/3/2016 16:00,98.82
DIS,3/4/2016 16:00,98.48
DIS,3/7/2016 16:00,99.39
DIS,3/8/2016 16:00,97.82
DIS,3/9/2016 16:00,97.66
DIS,3/10/2016 16:00,97.04
DIS,3/11/2016 16:00,97.94
DIS,3/14/2016 16:00,98.81
DIS,3/15/2016 16:00,98.24
DIS,3/16/2016 16:00,98.44
DIS,3/17/2016 16:00,99.6
DIS,3/18/2016 16:00,99.2
DIS,3/21/2016 16:00,98.46
DIS,3/22/2016 16:00,97.58
DIS,3/23/2016 16:00,96.83
DIS,3/24/2016 16:00,97.22
DIS,3/28/2016 16:00,98.09
DIS,3/29/2016 16:00,98.16
DIS,3/30/2016 16:00,98.91
DIS,3/31/2016 16:00,99.31
DIS,4/1/2016 16:00,99.07
DIS,4/4/2016 16:00,98.68
DIS,4/5/2016 16:00,97
DIS,4/6/2016 16:00,97.48
DIS,4/7/2016 16:00,96.16
DIS,4/8/2016 16:00,96.42
DIS,4/11/2016 16:00,96.27
DIS,4/12/2016 16:00,97.35
DIS,4/13/2016 16:00,99.48
DIS,4/14/2016 16:00,98.63
DIS,4/15/2016 16:00,98.59
DIS,4/18/2016 16:00,101.48
DIS,4/19/2016 16:00,102.64
DIS,4/20/2016 16:00,103.27
DIS,4/21/2016 16:00,102.91
DIS,4/22/2016 16:00,103.77
DIS,4/25/2016 16:00,104.57
DIS,4/26/2016 16:00,104.89
DIS,4/27/2016 16:00,105.28
DIS,4/28/2016 16:00,104.03
DIS,4/29/2016 16:00,103.26
DIS,5/2/2016 16:00,104.36
DIS,5/3/2016 16:00,103.78
DIS,5/4/2016 16:00,103.67
DIS,5/5/2016 16:00,104.93
DIS,5/6/2016 16:00,105.54
DIS,5/9/2016 16:00,105.34
DIS,5/10/2016 16:00,106.6
DIS,5/11/2016 16:00,102.29
DIS,5/12/2016 16:00,101.71
DIS,5/13/2016 16:00,100.52
DIS,5/16/2016 16:00,100.36
DIS,5/17/2016 16:00,99.94
DIS,5/18/2016 16:00,99
DIS,5/19/2016 16:00,98.41
DIS,5/20/2016 16:00,99.78
DIS,5/23/2016 16:00,99.18
DIS,5/24/2016 16:00,99.51
DIS,5/25/2016 16:00,99.86
DIS,5/26/2016 16:00,99.81
DIS,5/27/2016 16:00,100.29
DIS,5/31/2016 16:00,99.22
DIS,6/1/2016 16:00,98.52
DIS,6/2/2016 16:00,98.72
DIS,6/3/2016 16:00,98.75
DIS,6/6/2016 16:00,98.78
DIS,6/7/2016 16:00,98.35
DIS,6/8/2016 16:00,98.04
DIS,6/9/2016 16:00,97.84
DIS,6/10/2016 16:00,97.34
DIS,6/13/2016 16:00,97.57
DIS,6/14/2016 16:00,98.4
DIS,6/15/2016 16:00,98.27
DIS,6/16/2016 16:00,98.38
DIS,6/17/2016 16:00,99
DIS,6/20/2016 16:00,99.57
DIS,6/21/2016 16:00,98.82
DIS,6/22/2016 16:00,98.79
DIS,6/23/2016 16:00,99.02
DIS,6/24/2016 16:00,95.72
DIS,6/27/2016 16:00,94.38
DIS,6/28/2016 16:00,96.05
DIS,6/29/2016 16:00,96.98
DIS,6/30/2016 16:00,97.82
DIS,7/1/2016 16:00,98.03
DIS,7/5/2016 16:00,97.66
DIS,7/6/2016 16:00,98.45
DIS,7/7/2016 16:00,98.41
DIS,7/8/2016 16:00,99.62
DIS,7/11/2016 16:00,99.98
DIS,7/12/2016 16:00,100.2
DIS,7/13/2016 16:00,99.88
DIS,7/14/2016 16:00,99.97
DIS,7/15/2016 16:00,99.8
DIS,7/18/2016 16:00,100.15
DIS,7/19/2016 16:00,99.47
DIS,7/20/2016 16:00,98.22
DIS,7/21/2016 16:00,98.01
DIS,7/22/2016 16:00,97.71
DIS,7/25/2016 16:00,97.39
DIS,7/26/2016 16:00,96.69
DIS,7/27/2016 16:00,96.33
DIS,7/28/2016 16:00,95.91
DIS,7/29/2016 16:00,95.95
DIS,8/1/2016 16:00,95.54
DIS,8/2/2016 16:00,95.01
DIS,8/3/2016 16:00,96.09
DIS,8/4/2016 16:00,95.16
DIS,8/5/2016 16:00,95.83
DIS,8/8/2016 16:00,95.75
DIS,8/9/2016 16:00,96.67
DIS,8/10/2016 16:00,97.86
DIS,8/11/2016 16:00,97.77
DIS,8/12/2016 16:00,96.84
DIS,8/15/2016 16:00,97.1
DIS,8/16/2016 16:00,96.88
DIS,8/17/2016 16:00,96.87
DIS,8/18/2016 16:00,96.65
DIS,8/19/2016 16:00,96.39
DIS,8/22/2016 16:00,95.87
DIS,8/23/2016 16:00,95.97
DIS,8/24/2016 16:00,95.82
DIS,8/25/2016 16:00,95.55
DIS,8/26/2016 16:00,95.21
DIS,8/29/2016 16:00,94.87
DIS,8/30/2016 16:00,94.86
DIS,8/31/2016 16:00,94.46
DIS,9/1/2016 16:00,94.26
DIS,9/2/2016 16:00,94.42
DIS,9/6/2016 16:00,93.8
DIS,9/7/2016 16:00,93.71
DIS,9/8/2016 16:00,94.09
DIS,9/9/2016 16:00,92.42
DIS,9/12/2016 16:00,93.64
DIS,9/13/2016 16:00,92.7
DIS,9/14/2016 16:00,92.26
DIS,9/15/2016 16:00,92.5
DIS,9/16/2016 16:00,92.56
DIS,9/19/2016 16:00,92.63
DIS,9/20/2016 16:00,92.95
DIS,9/21/2016 16:00,92.39
DIS,9/22/2016 16:00,93.41
DIS,9/23/2016 16:00,93.27
DIS,9/26/2016 16:00,91.96
DIS,9/27/2016 16:00,91.72
DIS,9/28/2016 16:00,92.2
DIS,9/29/2016 16:00,91.8
DIS,9/30/2016 16:00,92.86
DIS,10/3/2016 16:00,92.49
DIS,10/4/2016 16:00,92.59
DIS,10/5/2016 16:00,92.45
DIS,10/6/2016 16:00,92.83
DIS,10/7/2016 16:00,92.49
DIS,10/10/2016 16:00,92.49
DIS,10/11/2016 16:00,91.86
DIS,10/12/2016 16:00,91.41
DIS,10/13/2016 16:00,91.12
DIS,10/14/2016 16:00,91.3
DIS,10/17/2016 16:00,90.83
DIS,10/18/2016 16:00,91.17
DIS,10/19/2016 16:00,91.93
DIS,10/20/2016 16:00,92.03
DIS,10/21/2016 16:00,93.03
DIS,10/24/2016 16:00,93.37
DIS,10/25/2016 16:00,92.75
DIS,10/26/2016 16:00,93.49
DIS,10/27/2016 16:00,94.02
DIS,10/28/2016 16:00,93.85
DIS,10/31/2016 16:00,92.69
DIS,11/1/2016 16:00,92.39
DIS,11/2/2016 16:00,91.91
DIS,11/3/2016 16:00,93.37
DIS,11/4/2016 16:00,92.45
DIS,11/7/2016 16:00,94.43
DIS,11/8/2016 16:00,94.38
DIS,11/9/2016 16:00,94.64
DIS,11/10/2016 16:00,94.96
DIS,11/11/2016 16:00,97.68
DIS,11/14/2016 16:00,97.92
DIS,11/15/2016 16:00,97.7
DIS,11/16/2016 16:00,99.12
DIS,11/17/2016 16:00,99.37
DIS,11/18/2016 16:00,98.24
DIS,11/21/2016 16:00,97.63
DIS,11/22/2016 16:00,97.71
DIS,11/23/2016 16:00,98.26
DIS,11/25/2016 16:00,98.82
DIS,11/28/2016 16:00,98.97
DIS,11/29/2016 16:00,99.67
DIS,11/30/2016 16:00,99.12
DIS,12/1/2016 16:00,98.94
DIS,12/2/2016 16:00,98.5
DIS,12/5/2016 16:00,99.96
DIS,12/6/2016 16:00,100.66
DIS,12/7/2016 16:00,101.99
DIS,12/8/2016 16:00,103.38
DIS,12/9/2016 16:00,104.86
DIS,12/12/2016 16:00,104.06
DIS,12/13/2016 16:00,103.85
DIS,12/14/2016 16:00,104.05
DIS,12/15/2016 16:00,104.39
DIS,12/16/2016 16:00,103.91
DIS,12/19/2016 16:00,105.3
DIS,12/20/2016 16:00,105.46
DIS,12/21/2016 16:00,105.56
DIS,12/22/2016 16:00,105.42
DIS,12/23/2016 16:00,105.15
DIS,12/27/2016 16:00,105.17
DIS,12/28/2016 16:00,104.3
DIS,12/29/2016 16:00,104.56
DIS,12/30/2016 16:00,104.22
DIS,1/3/2017 16:00,106.08
DIS,1/4/2017 16:00,107.44
DIS,1/5/2017 16:00,107.38
DIS,1/6/2017 16:00,108.98
DIS,1/9/2017 16:00,108.36
DIS,1/10/2017 16:00,108.38
DIS,1/11/2017 16:00,109.44
DIS,1/12/2017 16:00,107.53
DIS,1/13/2017 16:00,108.06
DIS,1/17/2017 16:00,107.97
DIS,1/18/2017 16:00,108.16
DIS,1/19/2017 16:00,107.28
DIS,1/20/2017 16:00,107.66
DIS,1/23/2017 16:00,107.12
DIS,1/24/2017 16:00,107.9
DIS,1/25/2017 16:00,108.04
DIS,1/26/2017 16:00,108.06
DIS,1/27/2017 16:00,109.3
DIS,1/30/2017 16:00,110.94
DIS,1/31/2017 16:00,110.65
DIS,2/1/2017 16:00,111.3
DIS,2/2/2017 16:00,110.61
DIS,2/3/2017 16:00,110.3
DIS,2/6/2017 16:00,109.57
DIS,2/7/2017 16:00,109
DIS,2/8/2017 16:00,109
DIS,2/9/2017 16:00,109.49
DIS,2/10/2017 16:00,109.26
DIS,2/13/2017 16:00,109.65
DIS,2/14/2017 16:00,110.33
DIS,2/15/2017 16:00,110.18
DIS,2/16/2017 16:00,110.71
DIS,2/17/2017 16:00,110.06
DIS,2/21/2017 16:00,110.01
DIS,2/22/2017 16:00,110.12
DIS,2/23/2017 16:00,109.73
DIS,2/24/2017 16:00,110.32
DIS,2/27/2017 16:00,110.23
DIS,2/28/2017 16:00,110.09
DIS,3/1/2017 16:00,111.04
DIS,3/2/2017 16:00,110.59
DIS,3/3/2017 16:00,111.24
DIS,3/6/2017 16:00,110.67
DIS,3/7/2017 16:00,110.86
DIS,3/8/2017 16:00,110.84
DIS,3/9/2017 16:00,111.03
DIS,3/10/2017 16:00,110.92
DIS,3/13/2017 16:00,111.52
DIS,3/14/2017 16:00,112.31
DIS,3/15/2017 16:00,111.87
DIS,3/16/2017 16:00,111.71
DIS,3/17/2017 16:00,111.76
DIS,3/20/2017 16:00,112.71
DIS,3/21/2017 16:00,111.75
DIS,3/22/2017 16:00,112.08
DIS,3/23/2017 16:00,112.24
DIS,3/24/2017 16:00,112.14
DIS,3/27/2017 16:00,112.38
DIS,3/28/2017 16:00,113.05
DIS,3/29/2017 16:00,112.53
DIS,3/30/2017 16:00,113.18
DIS,3/31/2017 16:00,113.39
DIS,4/3/2017 16:00,113.2
DIS,4/4/2017 16:00,113.04
DIS,4/5/2017 16:00,113
DIS,4/6/2017 16:00,113.05
DIS,4/7/2017 16:00,112.58
DIS,4/10/2017 16:00,112.43
DIS,4/11/2017 16:00,113.07
DIS,4/12/2017 16:00,113.04
DIS,4/13/2017 16:00,113.2
DIS,4/17/2017 16:00,113.78
DIS,4/18/2017 16:00,114.19
DIS,4/19/2017 16:00,113.73
DIS,4/20/2017 16:00,114.79
DIS,4/21/2017 16:00,114.44
DIS,4/24/2017 16:00,113.7
DIS,4/25/2017 16:00,115.18
DIS,4/26/2017 16:00,115.58
DIS,4/27/2017 16:00,115.84
DIS,4/28/2017 16:00,115.6
DIS,5/1/2017 16:00,114.73
DIS,5/2/2017 16:00,114.37
DIS,5/3/2017 16:00,111.62
DIS,5/4/2017 16:00,111.17
DIS,5/5/2017 16:00,111.99
DIS,5/8/2017 16:00,111.42
DIS,5/9/2017 16:00,112.07
DIS,5/10/2017 16:00,109.66
DIS,5/11/2017 16:00,109.58
DIS,5/12/2017 16:00,109.69
DIS,5/15/2017 16:00,109.13
DIS,5/16/2017 16:00,107.98
DIS,5/17/2017 16:00,106.31
DIS,5/18/2017 16:00,106.68
DIS,5/19/2017 16:00,107.52
DIS,5/22/2017 16:00,107.63
DIS,5/23/2017 16:00,107.02
DIS,5/24/2017 16:00,107.71
DIS,5/25/2017 16:00,107.27
DIS,5/26/2017 16:00,108.41
DIS,5/30/2017 16:00,108.34
DIS,5/31/2017 16:00,107.94
DIS,6/1/2017 16:00,108.21
DIS,6/2/2017 16:00,107.18
DIS,6/5/2017 16:00,106.52
DIS,6/6/2017 16:00,105.5
DIS,6/7/2017 16:00,105.92
DIS,6/8/2017 16:00,104.32
DIS,6/9/2017 16:00,105.62
DIS,6/12/2017 16:00,107.04
DIS,6/13/2017 16:00,106.56
DIS,6/14/2017 16:00,106.14
DIS,6/15/2017 16:00,105.98
DIS,6/16/2017 16:00,105.51
DIS,6/19/2017 16:00,105.37
DIS,6/20/2017 16:00,103.94
DIS,6/21/2017 16:00,104.8
DIS,6/22/2017 16:00,104.22
DIS,6/23/2017 16:00,104.36
DIS,6/26/2017 16:00,105.57
DIS,6/27/2017 16:00,105.41
DIS,6/28/2017 16:00,106.86
DIS,6/29/2017 16:00,105.71
DIS,6/30/2017 16:00,106.25
DIS,7/3/2017 16:00,107.46
DIS,7/5/2017 16:00,105.63
DIS,7/6/2017 16:00,103.35
DIS,7/7/2017 16:00,103.32
DIS,7/10/2017 16:00,103.59
DIS,7/11/2017 16:00,103.84
DIS,7/12/2017 16:00,104.38
DIS,7/13/2017 16:00,104.29
DIS,7/14/2017 16:00,105.09
DIS,7/17/2017 16:00,104.79
DIS,7/18/2017 16:00,105.75
DIS,7/19/2017 16:00,106.82
DIS,7/20/2017 16:00,107.36
DIS,7/21/2017 16:00,107.09
DIS,7/24/2017 16:00,107
DIS,7/25/2017 16:00,106.42
DIS,7/26/2017 16:00,106.94
DIS,7/27/2017 16:00,110
DIS,7/28/2017 16:00,109.96
DIS,7/31/2017 16:00,109.93
DIS,8/1/2017 16:00,110.61
DIS,8/2/2017 16:00,108.67
DIS,8/3/2017 16:00,109.12
DIS,8/4/2017 16:00,107.69
DIS,8/7/2017 16:00,106.35
DIS,8/8/2017 16:00,106.98
DIS,8/9/2017 16:00,102.83
DIS,8/10/2017 16:00,101.35
DIS,8/11/2017 16:00,101.99
DIS,8/14/2017 16:00,101.4
DIS,8/15/2017 16:00,101.51
DIS,8/16/2017 16:00,102.2
DIS,8/17/2017 16:00,101.38
DIS,8/18/2017 16:00,100.7
DIS,8/21/2017 16:00,101.17
DIS,8/22/2017 16:00,102.77
DIS,8/23/2017 16:00,101.5
DIS,8/24/2017 16:00,101.52
DIS,8/25/2017 16:00,102.41
DIS,8/28/2017 16:00,102.56
DIS,8/29/2017 16:00,102.57
DIS,8/30/2017 16:00,102.87
DIS,8/31/2017 16:00,101.2
DIS,9/1/2017 16:00,101.5
DIS,9/5/2017 16:00,101.6
DIS,9/6/2017 16:00,101.5
DIS,9/7/2017 16:00,97.06
DIS,9/8/2017 16:00,97.07
DIS,9/11/2017 16:00,97.09
DIS,9/12/2017 16:00,97.89
DIS,9/13/2017 16:00,98.82
DIS,9/14/2017 16:00,97.9
DIS,9/15/2017 16:00,98.52
DIS,9/18/2017 16:00,98.1
DIS,9/19/2017 16:00,98.43
DIS,9/20/2017 16:00,99.21
DIS,9/21/2017 16:00,98.89
DIS,9/22/2017 16:00,98.6
DIS,9/25/2017 16:00,99.57
DIS,9/26/2017 16:00,98.63
DIS,9/27/2017 16:00,99.24
DIS,9/28/2017 16:00,98.05
DIS,9/29/2017 16:00,98.57
DIS,10/2/2017 16:00,99.86
DIS,10/3/2017 16:00,100.79
DIS,10/4/2017 16:00,100.55
DIS,10/5/2017 16:00,100.11
DIS,10/6/2017 16:00,100.07
DIS,10/9/2017 16:00,99.57
DIS,10/10/2017 16:00,99.58
DIS,10/11/2017 16:00,98.55
DIS,10/12/2017 16:00,96.93
DIS,10/13/2017 16:00,97.38
DIS,10/16/2017 16:00,98.13
DIS,10/17/2017 16:00,98.36
DIS,10/18/2017 16:00,98.25
DIS,10/19/2017 16:00,99.01
DIS,10/20/2017 16:00,99.4
DIS,10/23/2017 16:00,98.7
DIS,10/24/2017 16:00,98.29
DIS,10/25/2017 16:00,97.8
DIS,10/26/2017 16:00,98.56
DIS,10/27/2017 16:00,98.31
DIS,10/30/2017 16:00,98.04
DIS,10/31/2017 16:00,97.81
DIS,11/1/2017 16:00,99.03
DIS,11/2/2017 16:00,98.35
DIS,11/3/2017 16:00,98.64
DIS,11/6/2017 16:00,100.64
DIS,11/7/2017 16:00,101.61
DIS,11/8/2017 16:00,101.18
DIS,11/9/2017 16:00,102.68
DIS,11/10/2017 16:00,104.78
DIS,11/13/2017 16:00,104.74
DIS,11/14/2017 16:00,103.17
DIS,11/15/2017 16:00,103.69
DIS,11/16/2017 16:00,103.6
DIS,11/17/2017 16:00,103.44
DIS,11/20/2017 16:00,102.75
DIS,11/21/2017 16:00,103
DIS,11/22/2017 16:00,102.74
DIS,11/24/2017 13:00,102.64
DIS,11/27/2017 16:00,102.79
DIS,11/28/2017 16:00,103.41
DIS,11/29/2017 16:00,105.24
DIS,11/30/2017 16:00,104.82
DIS,12/1/2017 16:00,105.25
DIS,12/4/2017 16:00,110.22
DIS,12/5/2017 16:00,107.22
DIS,12/6/2017 16:00,105.46
DIS,12/7/2017 16:00,105.26
DIS,12/8/2017 16:00,104.23
DIS,12/11/2017 16:00,106.83
DIS,12/12/2017 16:00,107.43
DIS,12/13/2017 16:00,107.61
DIS,12/14/2017 16:00,110.57
DIS,12/15/2017 16:00,111.27
DIS,12/18/2017 16:00,111.03
DIS,12/19/2017 16:00,111.81
DIS,12/20/2017 16:00,109.69
DIS,12/21/2017 16:00,109.57
DIS,12/22/2017 16:00,108.67
DIS,12/26/2017 16:00,108.12
DIS,12/27/2017 16:00,107.64
DIS,12/28/2017 16:00,107.77
DIS,12/29/2017 16:00,107.51
DIS,1/2/2018 16:00,111.8
DIS,1/3/2018 16:00,112.28
DIS,1/4/2018 16:00,112.23
DIS,1/5/2018 16:00,111.62
DIS,1/8/2018 16:00,110.02
DIS,1/9/2018 16:00,109.94
DIS,1/10/2018 16:00,109.47
DIS,1/11/2018 16:00,110.99
DIS,1/12/2018 16:00,112.47
DIS,1/16/2018 16:00,110.69
DIS,1/17/2018 16:00,111.97
DIS,1/18/2018 16:00,110.42
DIS,1/19/2018 16:00,110.59
DIS,1/22/2018 16:00,111.1
DIS,1/23/2018 16:00,110.41
DIS,1/24/2018 16:00,110.5
DIS,1/25/2018 16:00,110.55
DIS,1/26/2018 16:00,112.19
DIS,1/29/2018 16:00,111.54
DIS,1/30/2018 16:00,110.11
DIS,1/31/2018 16:00,108.67
DIS,2/1/2018 16:00,110.49
DIS,2/2/2018 16:00,108.7
DIS,2/5/2018 16:00,104.7
DIS,2/6/2018 16:00,106.17
DIS,2/7/2018 16:00,104.76
DIS,2/8/2018 16:00,101.35
DIS,2/9/2018 16:00,103.09
DIS,2/12/2018 16:00,103.39
DIS,2/13/2018 16:00,104.12
DIS,2/14/2018 16:00,104.6
DIS,2/15/2018 16:00,105.18
DIS,2/16/2018 16:00,106.53
DIS,2/20/2018 16:00,105.98
DIS,2/21/2018 16:00,105.05
DIS,2/22/2018 16:00,105.24
DIS,2/23/2018 16:00,107.25
DIS,2/26/2018 16:00,109.81
DIS,2/27/2018 16:00,104.87
DIS,2/28/2018 16:00,103.16
DIS,3/1/2018 16:00,102.57
DIS,3/2/2018 16:00,102.99
DIS,3/5/2018 16:00,103.41
DIS,3/6/2018 16:00,104.94
DIS,3/7/2018 16:00,103.59
DIS,3/8/2018 16:00,104.03
DIS,3/9/2018 16:00,104.73
DIS,3/12/2018 16:00,105.17
DIS,3/13/2018 16:00,103.73
DIS,3/14/2018 16:00,103.9
DIS,3/15/2018 16:00,103.24
DIS,3/16/2018 16:00,102.87
DIS,3/19/2018 16:00,101.48
DIS,3/20/2018 16:00,101.35
DIS,3/21/2018 16:00,101.82
DIS,3/22/2018 16:00,100.6
DIS,3/23/2018 16:00,98.54
DIS,3/26/2018 16:00,100.65
DIS,3/27/2018 16:00,99.36
DIS,3/28/2018 16:00,98.54
DIS,3/29/2018 16:00,100.44
DIS,4/2/2018 16:00,98.66
DIS,4/3/2018 16:00,99.42
DIS,4/4/2018 16:00,100.95
DIS,4/5/2018 16:00,102.11
DIS,4/6/2018 16:00,100.35
DIS,4/9/2018 16:00,99.7
DIS,4/10/2018 16:00,101.37
DIS,4/11/2018 16:00,100.8
DIS,4/12/2018 16:00,100.39
DIS,4/13/2018 16:00,100.35
DIS,4/16/2018 16:00,100.24
DIS,4/17/2018 16:00,102.17
DIS,4/18/2018 16:00,101.21
DIS,4/19/2018 16:00,100.89
DIS,4/20/2018 16:00,100.24
DIS,4/23/2018 16:00,100.15
DIS,4/24/2018 16:00,99.46
DIS,4/25/2018 16:00,101.15
DIS,4/26/2018 16:00,99.84
DIS,4/27/2018 16:00,99.23
DIS,4/30/2018 16:00,100.33
DIS,5/1/2018 16:00,100.06
DIS,5/2/2018 16:00,99.62
DIS,5/3/2018 16:00,98.76
DIS,5/4/2018 16:00,101.15
DIS,5/7/2018 16:00,102.48
DIS,5/8/2018 16:00,101.79
DIS,5/9/2018 16:00,99.97
DIS,5/10/2018 16:00,101.68
DIS,5/11/2018 16:00,102.07
DIS,5/14/2018 16:00,102.44
DIS,5/15/2018 16:00,102.92
DIS,5/16/2018 16:00,105.04
DIS,5/17/2018 16:00,104.34
DIS,5/18/2018 16:00,103.93
DIS,5/21/2018 16:00,104.06
DIS,5/22/2018 16:00,104.07
DIS,5/23/2018 16:00,102.89
DIS,5/24/2018 16:00,102.11
DIS,5/25/2018 16:00,102.2
DIS,5/29/2018 16:00,99.69
DIS,5/30/2018 16:00,99.98
DIS,5/31/2018 16:00,99.47
DIS,6/1/2018 16:00,99.36
DIS,6/4/2018 16:00,100.24
DIS,6/5/2018 16:00,99.94
DIS,6/6/2018 16:00,101.91
DIS,6/7/2018 16:00,102.47
DIS,6/8/2018 16:00,103.98
DIS,6/11/2018 16:00,104.35
DIS,6/12/2018 16:00,104.33
DIS,6/13/2018 16:00,106.31
DIS,6/14/2018 16:00,108.75
DIS,6/15/2018 16:00,108.85
DIS,6/18/2018 16:00,107.06
DIS,6/19/2018 16:00,106.1
DIS,6/20/2018 16:00,107.15
DIS,6/21/2018 16:00,105.89
DIS,6/22/2018 16:00,106.34
DIS,6/25/2018 16:00,104.45
DIS,6/26/2018 16:00,104.26
DIS,6/27/2018 16:00,103.96
DIS,6/28/2018 16:00,104.77
DIS,6/29/2018 16:00,104.81
DIS,7/2/2018 16:00,105.33
DIS,7/3/2018 13:00,104.04
DIS,7/5/2018 16:00,105.34
DIS,7/6/2018 16:00,104.78
DIS,7/9/2018 16:00,106.02
DIS,7/10/2018 16:00,106.03
DIS,7/11/2018 16:00,108.04
DIS,7/12/2018 16:00,108.25
DIS,7/13/2018 16:00,110
DIS,7/16/2018 16:00,110.2
DIS,7/17/2018 16:00,110.3
DIS,7/18/2018 16:00,110.69
DIS,7/19/2018 16:00,112.13
DIS,7/20/2018 16:00,111.48
DIS,7/23/2018 16:00,111.09
DIS,7/24/2018 16:00,110.7
DIS,7/25/2018 16:00,111.18
DIS,7/26/2018 16:00,113.51
DIS,7/27/2018 16:00,112.62
DIS,7/30/2018 16:00,112.63
DIS,7/31/2018 16:00,113.56
DIS,8/1/2018 16:00,112.97
DIS,8/2/2018 16:00,112.75
DIS,8/3/2018 16:00,114.09
DIS,8/6/2018 16:00,115.94
DIS,8/7/2018 16:00,116.56
DIS,8/8/2018 16:00,113.98
DIS,8/9/2018 16:00,114.16
DIS,8/10/2018 16:00,112.68
DIS,8/13/2018 16:00,112.12
DIS,8/14/2018 16:00,112.75
DIS,8/15/2018 16:00,112.85
DIS,8/16/2018 16:00,112.48
DIS,8/17/2018 16:00,112.48
DIS,8/20/2018 16:00,111.99
DIS,8/21/2018 16:00,112.39
DIS,8/22/2018 16:00,111.94
DIS,8/23/2018 16:00,112
DIS,8/24/2018 16:00,111.93
DIS,8/27/2018 16:00,112.33
DIS,8/28/2018 16:00,112.58
DIS,8/29/2018 16:00,112.45
DIS,8/30/2018 16:00,111.92
DIS,8/31/2018 16:00,112.02
DIS,9/4/2018 16:00,110.85
DIS,9/5/2018 16:00,109.87
DIS,9/6/2018 16:00,110.26
DIS,9/7/2018 16:00,110.97
DIS,9/10/2018 16:00,110.68
DIS,9/11/2018 16:00,109.6
DIS,9/12/2018 16:00,109.46
DIS,9/13/2018 16:00,110.67
DIS,9/14/2018 16:00,109.26
DIS,9/17/2018 16:00,109.36
DIS,9/18/2018 16:00,109.53
DIS,9/19/2018 16:00,109.79
DIS,9/20/2018 16:00,111.62
DIS,9/21/2018 16:00,110.4
DIS,9/24/2018 16:00,112.77
DIS,9/25/2018 16:00,113.63
DIS,9/26/2018 16:00,115.21
DIS,9/27/2018 16:00,116.04
DIS,9/28/2018 16:00,116.94
DIS,10/1/2018 16:00,116.24
DIS,10/2/2018 16:00,117.66
DIS,10/3/2018 16:00,116.91
DIS,10/4/2018 16:00,116.13
DIS,10/5/2018 16:00,114.78
DIS,10/8/2018 16:00,116.02
DIS,10/9/2018 16:00,116.89
DIS,10/10/2018 16:00,112.86
DIS,10/11/2018 16:00,111.15
DIS,10/12/2018 16:00,112.61
DIS,10/15/2018 16:00,113.44
DIS,10/16/2018 16:00,116.19
DIS,10/17/2018 16:00,117.13
DIS,10/18/2018 16:00,116.18
DIS,10/19/2018 16:00,118.9
DIS,10/22/2018 16:00,118.27
DIS,10/23/2018 16:00,117.85
DIS,10/24/2018 16:00,111.61
DIS,10/25/2018 16:00,114.16
DIS,10/26/2018 16:00,113.19
DIS,10/29/2018 16:00,113.04
DIS,10/30/2018 16:00,114.76
DIS,10/31/2018 16:00,114.83
DIS,11/1/2018 16:00,116.1
DIS,11/2/2018 16:00,115.18
DIS,11/5/2018 16:00,115.45
DIS,11/6/2018 16:00,116.71
DIS,11/7/2018 16:00,117.05
DIS,11/8/2018 16:00,116
DIS,11/9/2018 16:00,118
DIS,11/12/2018 16:00,116.7
DIS,11/13/2018 16:00,116.85
DIS,11/14/2018 16:00,117.12
DIS,11/15/2018 16:00,117.11
DIS,11/16/2018 16:00,116.19
DIS,11/19/2018 16:00,115.42
DIS,11/20/2018 16:00,111.87
DIS,11/21/2018 16:00,113.03
DIS,11/23/2018 13:00,112.08
DIS,11/26/2018 16:00,112.55
DIS,11/27/2018 16:00,113.9
DIS,11/28/2018 16:00,116.1
DIS,11/29/2018 16:00,116.61
DIS,11/30/2018 16:00,115.49
DIS,12/3/2018 16:00,115.74
DIS,12/4/2018 16:00,112.87
DIS,12/6/2018 16:00,114.33
DIS,12/7/2018 16:00,111.98
DIS,12/10/2018 16:00,111.86
DIS,12/11/2018 16:00,111.97
DIS,12/12/2018 16:00,112.21
DIS,12/13/2018 16:00,113.39
DIS,12/14/2018 16:00,112.2
DIS,12/17/2018 16:00,110.62
DIS,12/18/2018 16:00,109.45
DIS,12/19/2018 16:00,109.22
DIS,12/20/2018 16:00,107
DIS,12/21/2018 16:00,104.22
DIS,12/24/2018 13:00,100.35
DIS,12/26/2018 16:00,105.83
DIS,12/27/2018 16:00,106.52
DIS,12/28/2018 16:00,107.3
DIS,12/31/2018 16:00,109.65
DIS,1/2/2019 16:00,108.97
DIS,1/3/2019 16:00,106.33
DIS,1/4/2019 16:00,109.61
DIS,1/7/2019 16:00,110.56
DIS,1/8/2019 16:00,111.42
DIS,1/9/2019 16:00,112.67
DIS,1/10/2019 16:00,112.8
DIS,1/11/2019 16:00,112.65
DIS,1/14/2019 16:00,112.42
DIS,1/15/2019 16:00,111.76
DIS,1/16/2019 16:00,110.91
DIS,1/17/2019 16:00,111.01
DIS,1/18/2019 16:00,111.04
DIS,1/22/2019 16:00,110.6
DIS,1/23/2019 16:00,111.12
DIS,1/24/2019 16:00,110.55
DIS,1/25/2019 16:00,111.09
DIS,1/28/2019 16:00,110.81
DIS,1/29/2019 16:00,110.9
DIS,1/30/2019 16:00,110.13
DIS,1/31/2019 16:00,111.52
DIS,2/1/2019 16:00,111.3
DIS,2/4/2019 16:00,111.8
DIS,2/5/2019 16:00,112.66
DIS,2/6/2019 16:00,111.41
DIS,2/7/2019 16:00,110.95
DIS,2/8/2019 16:00,111.51
DIS,2/11/2019 16:00,109.44
DIS,2/12/2019 16:00,109.2
DIS,2/13/2019 16:00,110.2
DIS,2/14/2019 16:00,110.66
DIS,2/15/2019 16:00,112.59
DIS,2/19/2019 16:00,113.51
DIS,2/20/2019 16:00,113.68
DIS,2/21/2019 16:00,114.29
DIS,2/22/2019 16:00,115.25
DIS,2/25/2019 16:00,113.59
DIS,2/26/2019 16:00,113.5
DIS,2/27/2019 16:00,112.78
DIS,2/28/2019 16:00,112.84
DIS,3/1/2019 16:00,114.01
DIS,3/4/2019 16:00,114.33
DIS,3/5/2019 16:00,114
DIS,3/6/2019 16:00,114.85
DIS,3/7/2019 16:00,114.01
DIS,3/8/2019 16:00,113.81
DIS,3/11/2019 16:00,114.75
DIS,3/12/2019 16:00,114.73
DIS,3/13/2019 16:00,114.09
DIS,3/14/2019 16:00,114.48
DIS,3/15/2019 16:00,114.96
DIS,3/18/2019 16:00,113.12
DIS,3/19/2019 16:00,110
DIS,3/20/2019 16:00,109.99
DIS,3/21/2019 16:00,108.66
DIS,3/22/2019 16:00,108.23
DIS,3/25/2019 16:00,107.79
DIS,3/26/2019 16:00,110.14
DIS,3/27/2019 16:00,110.28
DIS,3/28/2019 16:00,110.71
DIS,3/29/2019 16:00,111.03
DIS,4/1/2019 16:00,112.51
DIS,4/2/2019 16:00,111.96
DIS,4/3/2019 16:00,112.52
DIS,4/4/2019 16:00,114.75
DIS,4/5/2019 16:00,115
DIS,4/8/2019 16:00,114.96
DIS,4/9/2019 16:00,116.86
DIS,4/10/2019 16:00,117.16
DIS,4/11/2019 16:00,116.6
DIS,4/12/2019 16:00,130.06
DIS,4/15/2019 16:00,132.04
DIS,4/16/2019 16:00,129.9
DIS,4/17/2019 16:00,131.75
DIS,4/18/2019 16:00,132.45
DIS,4/22/2019 16:00,131.68
DIS,4/23/2019 16:00,133.36
DIS,4/24/2019 16:00,135.1
DIS,4/25/2019 16:00,137.24
DIS,4/26/2019 16:00,139.92
DIS,4/29/2019 16:00,139.3
DIS,4/30/2019 16:00,136.97
DIS,5/1/2019 16:00,136.38
DIS,5/2/2019 16:00,134.14
DIS,5/3/2019 16:00,134.33
DIS,5/6/2019 16:00,135
DIS,5/7/2019 16:00,133.44
DIS,5/8/2019 16:00,134.99
DIS,5/9/2019 16:00,133.59
DIS,5/10/2019 16:00,134.04
DIS,5/13/2019 16:00,131.34
DIS,5/14/2019 16:00,133.2
DIS,5/15/2019 16:00,134.68
DIS,5/16/2019 16:00,135.5
DIS,5/17/2019 16:00,135.04
DIS,5/20/2019 16:00,133.91
DIS,5/21/2019 16:00,134.09
DIS,5/22/2019 16:00,133.85
DIS,5/23/2019 16:00,132.73
DIS,5/24/2019 16:00,132.79
DIS,5/28/2019 16:00,132.62
DIS,5/29/2019 16:00,131.57
DIS,5/30/2019 16:00,132.2
DIS,5/31/2019 16:00,132.04
DIS,6/3/2019 16:00,132.47
DIS,6/4/2019 16:00,134.82
DIS,6/5/2019 16:00,135.94
DIS,6/6/2019 16:00,137.21
DIS,6/7/2019 16:00,138.04
DIS,6/10/2019 16:00,137.07
DIS,6/11/2019 16:00,135.08
DIS,6/12/2019 16:00,135.72
DIS,6/13/2019 16:00,141.74
DIS,6/14/2019 16:00,141.65
DIS,6/17/2019 16:00,140.97
DIS,6/18/2019 16:00,139.24
DIS,6/19/2019 16:00,140.92
DIS,6/20/2019 16:00,142.02
DIS,6/21/2019 16:00,140.23
DIS,6/24/2019 16:00,139.22
DIS,6/25/2019 16:00,139.94
DIS,6/26/2019 16:00,140.4
DIS,6/27/2019 16:00,139.3
DIS,6/28/2019 16:00,139.64
DIS,7/1/2019 16:00,141.65
DIS,7/2/2019 16:00,142.53
DIS,7/3/2019 13:00,142.98
DIS,7/5/2019 16:00,142.45
DIS,7/8/2019 16:00,141.02
DIS,7/9/2019 16:00,141.61
DIS,7/10/2019 16:00,143.54
DIS,7/11/2019 16:00,143.56
DIS,7/12/2019 16:00,144.88
DIS,7/15/2019 16:00,145.06
DIS,7/16/2019 16:00,144.3
DIS,7/17/2019 16:00,142.57
DIS,7/18/2019 16:00,141.63
DIS,7/19/2019 16:00,139.85
DIS,7/22/2019 16:00,140.84
DIS,7/23/2019 16:00,141.26
DIS,7/24/2019 16:00,141.29
DIS,7/25/2019 16:00,143.21
DIS,7/26/2019 16:00,144.65
DIS,7/29/2019 16:00,146.39
DIS,7/30/2019 16:00,144.93
DIS,7/31/2019 16:00,143.01
DIS,8/1/2019 16:00,141.85
DIS,8/2/2019 16:00,141.71
DIS,8/5/2019 16:00,138.3
DIS,8/6/2019 16:00,141.87
DIS,8/7/2019 16:00,134.86
DIS,8/8/2019 16:00,137.89
DIS,8/9/2019 16:00,138.52
DIS,8/12/2019 16:00,135.75
DIS,8/13/2019 16:00,137.01
DIS,8/14/2019 16:00,132.85
DIS,8/15/2019 16:00,133.41
DIS,8/16/2019 16:00,135.2
DIS,8/19/2019 16:00,135.29
DIS,8/20/2019 16:00,135.13
DIS,8/21/2019 16:00,135.76
DIS,8/22/2019 16:00,136.08
DIS,8/23/2019 16:00,131.67
DIS,8/26/2019 16:00,134.61
DIS,8/27/2019 16:00,134.49
DIS,8/28/2019 16:00,136.55
DIS,8/29/2019 16:00,137.84
DIS,8/30/2019 16:00,137.26
DIS,9/3/2019 16:00,136.31
DIS,9/4/2019 16:00,137.89
DIS,9/5/2019 16:00,138.84
DIS,9/6/2019 16:00,139.55
DIS,9/9/2019 16:00,138.83
DIS,9/10/2019 16:00,135.79
DIS,9/11/2019 16:00,136.19
DIS,9/12/2019 16:00,137.5
DIS,9/13/2019 16:00,138.02
DIS,9/16/2019 16:00,135.8
DIS,9/17/2019 16:00,136.31
DIS,9/18/2019 16:00,136.8
DIS,9/19/2019 16:00,133.3
DIS,9/20/2019 16:00,132.27
DIS,9/23/2019 16:00,132.46
DIS,9/24/2019 16:00,131.97
DIS,9/25/2019 16:00,133.09
DIS,9/26/2019 16:00,131.27
DIS,9/27/2019 16:00,129.96
DIS,9/30/2019 16:00,130.32
DIS,10/1/2019 16:00,129.55
DIS,10/2/2019 16:00,129.14
DIS,10/3/2019 16:00,128.15
DIS,10/4/2019 16:00,130.27
DIS,10/7/2019 16:00,130.9
DIS,10/8/2019 16:00,128.47
DIS,10/9/2019 16:00,129.33
DIS,10/10/2019 16:00,129.34
DIS,10/11/2019 16:00,130.02
DIS,10/14/2019 16:00,129.7
DIS,10/15/2019 16:00,129.76
DIS,10/16/2019 16:00,130.86
DIS,10/17/2019 16:00,132.37
DIS,10/18/2019 16:00,130.89
DIS,10/21/2019 16:00,130.26
DIS,10/22/2019 16:00,132.4
DIS,10/23/2019 16:00,131.13
DIS,10/24/2019 16:00,130.26
DIS,10/25/2019 16:00,130.9
DIS,10/28/2019 16:00,130.53
DIS,10/29/2019 16:00,129.48
DIS,10/30/2019 16:00,129.6
DIS,10/31/2019 16:00,129.92
DIS,11/1/2019 16:00,132.75
DIS,11/4/2019 16:00,132.92
DIS,11/5/2019 16:00,131.45
DIS,11/6/2019 16:00,131.27
DIS,11/7/2019 16:00,132.96
DIS,11/8/2019 16:00,137.96
DIS,11/11/2019 16:00,136.74
DIS,11/12/2019 16:00,138.58
DIS,11/13/2019 16:00,148.72
DIS,11/14/2019 16:00,147.15
DIS,11/15/2019 16:00,144.67
DIS,11/18/2019 16:00,147.65
DIS,11/19/2019 16:00,148.38
DIS,11/20/2019 16:00,146.93
DIS,11/21/2019 16:00,146.9
DIS,11/22/2019 16:00,148.29
DIS,11/25/2019 16:00,149.69
DIS,11/26/2019 16:00,151.64
DIS,11/27/2019 16:00,151.48
DIS,11/29/2019 13:00,151.58
DIS,12/2/2019 16:00,150.62
DIS,12/3/2019 16:00,148.58
DIS,12/4/2019 16:00,148.28
DIS,12/5/2019 16:00,147.44
DIS,12/6/2019 16:00,147.66
DIS,12/9/2019 16:00,146.21
DIS,12/10/2019 16:00,146.1
DIS,12/11/2019 16:00,147.59
DIS,12/12/2019 16:00,147.76
DIS,12/13/2019 16:00,146.38
DIS,12/16/2019 16:00,148.46
DIS,12/17/2019 16:00,147.73
DIS,12/18/2019 16:00,146.26
DIS,12/19/2019 16:00,146.15
DIS,12/20/2019 16:00,146.88
DIS,12/23/2019 16:00,144.68
DIS,12/24/2019 13:00,145.29
DIS,12/26/2019 16:00,145.7
DIS,12/27/2019 16:00,145.75
DIS,12/30/2019 16:00,143.77
DIS,12/31/2019 16:00,144.63
DIS,1/2/2020 16:00,148.2
DIS,1/3/2020 16:00,146.5
DIS,1/6/2020 16:00,145.65
DIS,1/7/2020 16:00,145.7
DIS,1/8/2020 16:00,145.4
DIS,1/9/2020 16:00,144.83
DIS,1/10/2020 16:00,144.62
DIS,1/13/2020 16:00,143.88
DIS,1/14/2020 16:00,145.2
DIS,1/15/2020 16:00,144.32
DIS,1/16/2020 16:00,145.12
DIS,1/17/2020 16:00,144.33
DIS,1/21/2020 16:00,143.56
DIS,1/22/2020 16:00,144.01
DIS,1/23/2020 16:00,142.2
DIS,1/24/2020 16:00,140.08
DIS,1/27/2020 16:00,135.9
DIS,1/28/2020 16:00,138.37
DIS,1/29/2020 16:00,136.06
DIS,1/30/2020 16:00,137.81
DIS,1/31/2020 16:00,138.31
DIS,2/3/2020 16:00,141.32
DIS,2/4/2020 16:00,144.73
DIS,2/5/2020 16:00,141.37
DIS,2/6/2020 16:00,142.7
DIS,2/7/2020 16:00,141.02
DIS,2/10/2020 16:00,142.59
DIS,2/11/2020 16:00,141.01
DIS,2/12/2020 16:00,141.85
DIS,2/13/2020 16:00,140.9
DIS,2/14/2020 16:00,139.54
DIS,2/18/2020 16:00,139.14
DIS,2/19/2020 16:00,141.3
DIS,2/20/2020 16:00,140.37
DIS,2/21/2020 16:00,138.97
DIS,2/24/2020 16:00,133.01
DIS,2/25/2020 16:00,128.19
DIS,2/26/2020 16:00,123.36
DIS,2/27/2020 16:00,118.04
DIS,2/28/2020 16:00,117.65
DIS,3/2/2020 16:00,119.98
DIS,3/3/2020 16:00,116.45
DIS,3/4/2020 16:00,119.18
DIS,3/5/2020 16:00,113.98
DIS,3/6/2020 16:00,115.27
DIS,3/9/2020 16:00,104.35
DIS,3/10/2020 16:00,111.46
DIS,3/11/2020 16:00,105.51
DIS,3/12/2020 16:00,91.81
DIS,3/13/2020 16:00,102.52
DIS,3/16/2020 16:00,95.01
DIS,3/17/2020 16:00,93.53
DIS,3/18/2020 16:00,88.8
DIS,3/19/2020 16:00,94.93
DIS,3/20/2020 16:00,85.98
DIS,3/23/2020 16:00,85.76
DIS,3/24/2020 16:00,98.12
DIS,3/25/2020 16:00,100.73
DIS,3/26/2020 16:00,105.36
DIS,3/27/2020 16:00,96.4
DIS,3/30/2020 16:00,99.8
DIS,3/31/2020 16:00,96.6
DIS,4/1/2020 16:00,94.92
DIS,4/2/2020 16:00,96.97
DIS,4/3/2020 16:00,93.88
DIS,4/6/2020 16:00,99.58
DIS,4/7/2020 16:00,101.24
DIS,4/8/2020 16:00,101.07
DIS,4/9/2020 16:00,104.5
DIS,4/13/2020 16:00,103.5
DIS,4/14/2020 16:00,106.03
DIS,4/15/2020 16:00,103.37
DIS,4/16/2020 16:00,102.02
DIS,4/17/2020 16:00,106.63
DIS,4/20/2020 16:00,102.26
DIS,4/21/2020 16:00,100.54
DIS,4/22/2020 16:00,100.99
DIS,4/23/2020 16:00,101
DIS,4/24/2020 16:00,101.19
DIS,4/27/2020 16:00,106.06
DIS,4/28/2020 16:00,106.21
DIS,4/29/2020 16:00,112.25
DIS,4/30/2020 16:00,108.15
DIS,5/1/2020 16:00,105.5
DIS,5/4/2020 16:00,103.18
DIS,5/5/2020 16:00,101.06
DIS,5/6/2020 16:00,100.88
DIS,5/7/2020 16:00,105.57
DIS,5/8/2020 16:00,109.16
DIS,5/11/2020 16:00,107.77
DIS,5/12/2020 16:00,104.56
DIS,5/13/2020 16:00,102.92
DIS,5/14/2020 16:00,105.91
DIS,5/15/2020 16:00,109.05
DIS,5/18/2020 16:00,116.85
DIS,5/19/2020 16:00,114.37
DIS,5/20/2020 16:00,119.92
DIS,5/21/2020 16:00,117.83
DIS,5/22/2020 16:00,118.02
DIS,5/26/2020 16:00,120.95
DIS,5/27/2020 16:00,121.53
DIS,5/28/2020 16:00,116.75
DIS,5/29/2020 16:00,117.3
DIS,6/1/2020 16:00,118.77
DIS,6/2/2020 16:00,118.75
DIS,6/3/2020 16:00,122.18
DIS,6/4/2020 16:00,123.69
DIS,6/5/2020 16:00,124.82
DIS,6/8/2020 16:00,127.28
DIS,6/9/2020 16:00,123.89
DIS,6/10/2020 16:00,122.18
DIS,6/11/2020 16:00,112.64
DIS,6/12/2020 16:00,115.49
DIS,6/15/2020 16:00,117.08
DIS,6/16/2020 16:00,118.44
DIS,6/17/2020 16:00,117.65
DIS,6/18/2020 16:00,118.37
DIS,6/19/2020 16:00,114.35
DIS,6/22/2020 16:00,115.92
DIS,6/23/2020 16:00,116.59
DIS,6/24/2020 16:00,112.07
DIS,6/25/2020 16:00,111.36
DIS,6/26/2020 16:00,109.1
DIS,6/29/2020 16:00,111.52
DIS,6/30/2020 16:00,111.51
DIS,7/1/2020 16:00,113.01
DIS,7/2/2020 16:00,112.18
DIS,7/6/2020 16:00,114.43
DIS,7/7/2020 16:00,113.63
DIS,7/8/2020 16:00,116.66
DIS,7/9/2020 16:00,116.81
DIS,7/10/2020 16:00,119.34
DIS,7/13/2020 16:00,116.22
DIS,7/14/2020 16:00,118.66
DIS,7/15/2020 16:00,120.9
DIS,7/16/2020 16:00,119.43
DIS,7/17/2020 16:00,118.65
